  Time                 , V(R1:1,L1:1)         , V(R1:1)              
  0.000000000000e+000  ,0.000000000000e+000  ,0.000000000000e+000  
  2.000000000000e-005  ,4.662463749741e-003  ,2.000000000000e-002  
  2.121879577637e-005  ,4.962628341626e-003  ,2.121879577637e-002  
  2.365638732910e-005  ,5.597921306647e-003  ,2.365638732910e-002  
  2.853157043457e-005  ,7.058457705670e-003  ,2.853157043457e-002  
  3.828193664551e-005  ,1.065566924941e-002  ,3.828193664551e-002  
  5.778266906738e-005  ,1.995617392412e-002  ,5.778266906738e-002  
  9.678413391113e-005  ,4.319854735866e-002  ,9.678413391113e-002  
  1.669623565674e-004  ,8.599787939927e-002  ,1.669623565674e-001  
  2.621161651611e-004  ,1.265344443358e-001  ,2.621161651611e-001  
  4.193915557861e-004  ,1.477009877641e-001  ,4.193915557861e-001  
  6.254462432861e-004  ,1.465280742844e-001  ,6.254462432861e-001  
  8.450995635986e-004  ,1.371587572218e-001  ,8.450995635986e-001  
  1.229474563599e-003  ,1.393389441896e-001  ,1.229474563599e+000  
  1.663019485474e-003  ,1.398013245014e-001  ,1.663019485474e+000  
  2.000000000400e-003  ,1.388804650303e-001  ,2.000000000000e+000  
  2.028723144931e-003  ,1.308841730032e-001  ,2.000000000000e+000  
  2.086169433994e-003  ,1.033424028977e-001  ,2.000000000000e+000  
  2.189099121494e-003  ,4.727419994063e-002  ,2.000000000000e+000  
  2.293005371494e-003  ,5.060034780527e-003  ,2.000000000000e+000  
  2.375695801181e-003  ,-7.848818264576e-003  ,2.000000000000e+000  
  2.455346680087e-003  ,-8.269845744871e-003  ,2.000000000000e+000  
  2.518835449619e-003  ,-6.167344792186e-003  ,2.000000000000e+000  
  2.589953613681e-003  ,-3.039970904440e-003  ,2.000000000000e+000  
  2.660375976962e-003  ,-9.639931281438e-004  ,2.000000000000e+000  
  2.734338379306e-003  ,1.529720304863e-004  ,2.000000000000e+000  
  2.854663086337e-003  ,6.320163139486e-004  ,2.000000000000e+000  
  2.970190430087e-003  ,2.766452067045e-004  ,2.000000000000e+000  
  3.122412109775e-003  ,-2.289230293862e-005  ,2.000000000000e+000  
  3.269897461337e-003  ,-4.912183118533e-005  ,2.000000000000e+000  
  3.564868164462e-003  ,9.617104359316e-006  ,2.000000000000e+000  
  4.007055664462e-003  ,1.823310048943e-006  ,2.000000000000e+000  
  4.891430664462e-003  ,-3.960638029099e-006  ,2.000000000000e+000  
  6.660180664462e-003  ,2.831519152258e-006  ,2.000000000000e+000  
  1.019768066446e-002  ,5.681018775405e-007  ,2.000000000000e+000  
  1.200000000040e-002  ,-4.674542863903e-007  ,1.999999999600e+000  
  1.202803344767e-002  ,-8.062822478668e-003  ,1.971966552334e+000  
  1.208410034220e-002  ,-3.405670341132e-002  ,1.915899657803e+000  
  1.219623413126e-002  ,-9.927498558738e-002  ,1.803765868741e+000  
  1.231235961954e-002  ,-1.391905114698e-001  ,1.687640380459e+000  
  1.246367797892e-002  ,-1.476915400904e-001  ,1.536322021084e+000  
  1.264688110392e-002  ,-1.434560487990e-001  ,1.353118896084e+000  
  1.286741333048e-002  ,-1.371258680450e-001  ,1.132586669522e+000  
  1.329251098673e-002  ,-1.398852331707e-001  ,7.074890132719e-001  
  1.394397583048e-002  ,-1.392478974571e-001  ,5.602416952188e-002  
  1.400000000040e-002  ,-1.390423378686e-001  ,0.000000000000e+000  
  1.400841522257e-002  ,-1.381453670774e-001  ,0.000000000000e+000  
  1.402524566690e-002  ,-1.344210939716e-001  ,0.000000000000e+000  
  1.405890655558e-002  ,-1.193840020839e-001  ,0.000000000000e+000  
  1.412622833292e-002  ,-7.774299277266e-002  ,0.000000000000e+000  
  1.421658477823e-002  ,-2.832966940750e-002  ,0.000000000000e+000  
  1.428770294229e-002  ,-5.361828540114e-003  ,0.000000000000e+000  
  1.436177520792e-002  ,5.121750109430e-003  ,0.000000000000e+000  
  1.442509307901e-002  ,7.374142040540e-003  ,0.000000000000e+000  
  1.449323272745e-002  ,5.667553958162e-003  ,0.000000000000e+000  
  1.455507354776e-002  ,3.631637639123e-003  ,0.000000000000e+000  
  1.462595977823e-002  ,1.498570497396e-003  ,0.000000000000e+000  
  1.468678131144e-002  ,3.760801403100e-004  ,0.000000000000e+000  
  1.475537262003e-002  ,-2.630082986446e-004  ,0.000000000000e+000  
  1.482760162394e-002  ,-4.051472865371e-004  ,0.000000000000e+000  
  1.489037017862e-002  ,-3.515881911704e-004  ,0.000000000000e+000  
  1.496230621378e-002  ,-2.006312332278e-004  ,0.000000000000e+000  
  1.505705719034e-002  ,-5.600480237374e-005  ,0.000000000000e+000  
  1.513863678019e-002  ,1.027448667164e-005  ,0.000000000000e+000  
  1.522378082315e-002  ,2.981526339040e-005  ,0.000000000000e+000  
  1.528790435831e-002  ,2.701653024609e-005  ,0.000000000000e+000  
  1.536136627237e-002  ,1.542436390921e-005  ,0.000000000000e+000  
  1.544215240519e-002  ,5.675577043110e-006  ,0.000000000000e+000  
  1.552048492472e-002  ,1.588465371290e-007  ,0.000000000000e+000  
  1.558062896769e-002  ,-1.571253711713e-006  ,0.000000000000e+000  
  1.564972076456e-002  ,-1.754864462969e-006  ,0.000000000000e+000  
  1.571585845987e-002  ,-1.362203851740e-006  ,0.000000000000e+000  
  1.578807525675e-002  ,-7.018318106721e-007  ,0.000000000000e+000  
  1.593250885050e-002  ,3.176284467873e-008  ,0.000000000000e+000  
  1.611886138956e-002  ,2.167133978219e-007  ,0.000000000000e+000  
  1.629837799112e-002  ,2.735884243493e-008  ,0.000000000000e+000  
  1.663412017862e-002  ,-3.721318153297e-008  ,0.000000000000e+000  
  1.707855377237e-002  ,2.218568353516e-008  ,0.000000000000e+000  
  1.756629791300e-002  ,8.777361010421e-009  ,0.000000000000e+000  
  1.854178619425e-002  ,-7.535600782053e-009  ,0.000000000000e+000  
  2.000000000040e-002  ,6.568704152167e-009  ,3.999994779846e-010  
  2.002314758341e-002  ,5.898529154122e-003  ,2.314758340781e-002  
  2.006944274942e-002  ,2.569647418435e-002  ,6.944274942344e-002  
  2.016203308145e-002  ,8.164129564665e-002  ,1.620330814547e-001  
  2.025456237833e-002  ,1.244727335023e-001  ,2.545623783297e-001  
  2.038869323770e-002  ,1.466957189722e-001  ,3.886932377047e-001  
  2.057445983927e-002  ,1.478465264481e-001  ,5.744598392672e-001  
  2.078649597208e-002  ,1.377030849839e-001  ,7.864959720797e-001  
  2.112692565958e-002  ,1.387600246766e-001  ,1.126925659580e+000  
  2.150466003458e-002  ,1.400289085283e-001  ,1.504660034580e+000  
  2.190656433145e-002  ,1.394175762886e-001  ,1.906564331455e+000  
  2.200000000040e-002  ,1.391989148501e-001  ,2.000000000000e+000  
  2.201000213663e-002  ,1.379370201363e-001  ,2.000000000000e+000  
  2.203000640909e-002  ,1.328855211364e-001  ,2.000000000000e+000  
  2.207001495401e-002  ,1.132215298322e-001  ,2.000000000000e+000  
  2.215003204386e-002  ,6.337154510396e-002  ,2.000000000000e+000  
  2.223614044229e-002  ,2.062107649634e-002  ,2.000000000000e+000  
  2.233373565714e-002  ,-2.159039760034e-003  ,2.000000000000e+000  
  2.240198516886e-002  ,-7.121676825983e-003  ,2.000000000000e+000  
  2.248333282511e-002  ,-5.948421813764e-003  ,2.000000000000e+000  
  2.254939727823e-002  ,-3.900604269159e-003  ,2.000000000000e+000  
  2.261852569620e-002  ,-1.693949676317e-003  ,2.000000000000e+000  
  2.270855255167e-002  ,-6.344581522733e-005  ,2.000000000000e+000  
  2.279547882120e-002  ,4.205648657283e-004  ,2.000000000000e+000  
  2.291374053995e-002  ,4.090479271439e-004  ,2.000000000000e+000  
  2.302792511026e-002  ,1.071043094192e-004  ,2.000000000000e+000  
  2.322489776651e-002  ,-6.077018463868e-005  ,2.000000000000e+000  
  2.343947296183e-002  ,-9.224652387729e-006  ,2.000000000000e+000  
  2.386862335245e-002  ,1.230691132670e-005  ,2.000000000000e+000  
  2.456256866495e-002  ,-9.825643309647e-006  ,2.000000000000e+000  
  2.595045928995e-002  ,-1.542616371975e-006  ,2.000000000000e+000  
  2.872624053995e-002  ,1.606410262811e-006  ,2.000000000000e+000  
  3.200000000040e-002  ,-1.630332401081e-006  ,1.999999999600e+000  
  3.204863281290e-002  ,-1.830580772714e-002  ,1.951367187100e+000  
  3.214589843790e-002  ,-6.845531423615e-002  ,1.854101562100e+000  
  3.228786621134e-002  ,-1.289142254887e-001  ,1.712133788662e+000  
  3.243652343790e-002  ,-1.532720443007e-001  ,1.563476562100e+000  
  3.273178710978e-002  ,-1.390863080772e-001  ,1.268212890225e+000  
  3.300659179727e-002  ,-1.366244473697e-001  ,9.934082027250e-001  
  3.328759765665e-002  ,-1.405259742266e-001  ,7.124023433500e-001  
  3.384960937540e-002  ,-1.400938039924e-001  ,1.503906246000e-001  
  3.400000000040e-002  ,-1.391754755273e-001  ,0.000000000000e+000  
  3.401478576700e-002  ,-1.365740110357e-001  ,0.000000000000e+000  
  3.404435730020e-002  ,-1.266801813438e-001  ,0.000000000000e+000  
  3.410350036661e-002  ,-9.256763957492e-002  ,0.000000000000e+000  
  3.418188171427e-002  ,-4.721628683351e-002  ,0.000000000000e+000  
  3.427277526895e-002  ,-8.942434998236e-003  ,0.000000000000e+000  
  3.432399597208e-002  ,1.671475163608e-003  ,0.000000000000e+000  
  3.438874206583e-002  ,7.361308790620e-003  ,0.000000000000e+000  
  3.446071472208e-002  ,6.985723195328e-003  ,0.000000000000e+000  
  3.452719421427e-002  ,4.960884841333e-003  ,0.000000000000e+000  
  3.459698181192e-002  ,2.392425340643e-003  ,0.000000000000e+000  
  3.467531433145e-002  ,5.540146274583e-004  ,0.000000000000e+000  
  3.474943542520e-002  ,-2.425110041158e-004  ,0.000000000000e+000  
  3.481120300333e-002  ,-4.486196272512e-004  ,0.000000000000e+000  
  3.487919616739e-002  ,-3.766012578885e-004  ,0.000000000000e+000  
  3.494368591349e-002  ,-2.522036446376e-004  ,0.000000000000e+000  
  3.502022399942e-002  ,-1.033142037910e-004  ,0.000000000000e+000  
  3.509517517130e-002  ,-1.680881191133e-005  ,0.000000000000e+000  
  3.516609802286e-002  ,2.104410585851e-005  ,0.000000000000e+000  
  3.524369812052e-002  ,2.707145287614e-005  ,0.000000000000e+000  
  3.530662536661e-002  ,2.183629860447e-005  ,0.000000000000e+000  
  3.537842712442e-002  ,1.160838617638e-005  ,0.000000000000e+000  
  3.550821228067e-002  ,4.677472088584e-007  ,0.000000000000e+000  
  3.556611633341e-002  ,-1.375670463511e-006  ,0.000000000000e+000  
  3.564341125528e-002  ,-2.017464324333e-006  ,0.000000000000e+000  
  3.572096252481e-002  ,-1.406880788713e-006  ,0.000000000000e+000  
  3.580705871622e-002  ,-6.681125629257e-007  ,0.000000000000e+000  
  3.589184875528e-002  ,-1.182408877952e-007  ,0.000000000000e+000  
  3.606142883341e-002  ,1.580437343723e-007  ,0.000000000000e+000  
  3.622031555216e-002  ,4.131283462089e-008  ,0.000000000000e+000  
  3.644919738810e-002  ,-2.501875987811e-008  ,0.000000000000e+000  
  3.687146301310e-002  ,7.791012666833e-009  ,0.000000000000e+000  
  3.763669738810e-002  ,-2.364516892182e-009  ,0.000000000000e+000  
  3.916716613810e-002  ,6.099542612596e-010  ,0.000000000000e+000  
  4.000000000040e-002  ,1.494376879044e-009  ,3.999994779846e-010  
  4.001445922892e-002  ,2.615698129730e-003  ,1.445922891562e-002  
  4.004337768595e-002  ,1.206121620638e-002  ,4.337768594687e-002  
  4.009497070352e-002  ,4.010925481653e-002  ,9.497070352499e-002  
  4.014417724649e-002  ,7.250079278878e-002  ,1.441772464937e-001  
  4.024259033243e-002  ,1.207376539451e-001  ,2.425903324312e-001  
  4.034864501993e-002  ,1.432247249616e-001  ,3.486450199312e-001  
  4.056075439493e-002  ,1.448353673629e-001  ,5.607543949312e-001  
  4.076514892618e-002  ,1.380343633188e-001  ,7.651489261812e-001  
  4.104854736368e-002  ,1.388705870239e-001  ,1.048547363681e+000  
  4.151324462931e-002  ,1.396988325170e-001  ,1.513244629306e+000  
  4.200000000040e-002  ,1.392800515290e-001  ,2.000000000000e+000  
  4.204085693399e-002  ,1.252822719650e-001  ,2.000000000000e+000  
  4.212257080118e-002  ,8.295215034340e-002  ,2.000000000000e+000  
  4.222081298868e-002  ,3.245369480370e-002  ,2.000000000000e+000  
  4.232084960978e-002  ,3.024034046279e-004  ,2.000000000000e+000  
  4.242506103556e-002  ,-1.071440920364e-002  ,2.000000000000e+000  
  4.248591918985e-002  ,-9.842351406639e-003  ,2.000000000000e+000  
  4.255364379923e-002  ,-6.650032520702e-003  ,2.000000000000e+000  
  4.264078979532e-002  ,-2.200542761829e-003  ,2.000000000000e+000  
  4.271578979532e-002  ,-1.113791377123e-004  ,2.000000000000e+000  
  4.278991088907e-002  ,6.356552316042e-004  ,2.000000000000e+000  
  4.288001098673e-002  ,7.209871349965e-004  ,2.000000000000e+000  
  4.296613159220e-002  ,3.755337780920e-004  ,2.000000000000e+000  
  4.310275268595e-002  ,1.617199725690e-005  ,2.000000000000e+000  
  4.323483276407e-002  ,-5.761187742959e-005  ,2.000000000000e+000  
  4.349899292032e-002  ,-3.010674612725e-006  ,2.000000000000e+000  
  4.389235229532e-002  ,1.067670735888e-005  ,2.000000000000e+000  
  4.467907104532e-002  ,-9.512825331459e-006  ,2.000000000000e+000  
  4.625250854532e-002  ,-8.944417113632e-007  ,2.000000000000e+000  
  4.939938354532e-002  ,1.011288384145e-006  ,2.000000000000e+000  
  5.200000000040e-002  ,-1.110421232964e-006  ,1.999999999600e+000  
  5.203920898478e-002  ,-1.349328558491e-002  ,1.960791015225e+000  
  5.211762695353e-002  ,-5.325758543606e-002  ,1.882373046475e+000  
  5.224660644571e-002  ,-1.160861832363e-001  ,1.753393554287e+000  
  5.237539062540e-002  ,-1.493727758176e-001  ,1.624609374600e+000  
  5.261479492228e-002  ,-1.443428015841e-001  ,1.385205077725e+000  
  5.273122558634e-002  ,-1.398833970165e-001  ,1.268774413662e+000  
  5.296408691446e-002  ,-1.371454314371e-001  ,1.035913085537e+000  
  5.342980957071e-002  ,-1.404690984833e-001  ,5.701904292875e-001  
  5.388083496134e-002  ,-1.398248427712e-001  ,1.191650386625e-001  
  5.400000000040e-002  ,-1.393583999834e-001  ,0.000000000000e+000  
  5.401069641153e-002  ,-1.378982852216e-001  ,0.000000000000e+000  
  5.403208923380e-002  ,-1.321893006020e-001  ,0.000000000000e+000  
  5.407487487833e-002  ,-1.104019306687e-001  ,0.000000000000e+000  
  5.416044616739e-002  ,-5.734873119990e-002  ,0.000000000000e+000  
  5.424507751505e-002  ,-1.745465901709e-002  ,0.000000000000e+000  
  5.430298767130e-002  ,-2.304936429527e-003  ,0.000000000000e+000  
  5.437830505411e-002  ,5.665445516204e-003  ,0.000000000000e+000  
  5.444091491739e-002  ,6.840187521072e-003  ,0.000000000000e+000  
  5.450892028849e-002  ,4.916995039449e-003  ,0.000000000000e+000  
  5.457085876505e-002  ,2.980240482056e-003  ,0.000000000000e+000  
  5.464264831583e-002  ,1.103503081643e-003  ,0.000000000000e+000  
  5.469487609903e-002  ,2.824569749239e-004  ,0.000000000000e+000  
  5.475997619669e-002  ,-2.457539649598e-004  ,0.000000000000e+000  
  5.483092346231e-002  ,-3.662012843443e-004  ,0.000000000000e+000  
  5.489499816935e-002  ,-3.154172292950e-004  ,0.000000000000e+000  
  5.496755676310e-002  ,-1.775950556742e-004  ,0.000000000000e+000  
  5.506518859903e-002  ,-4.527716166665e-005  ,0.000000000000e+000  
  5.514668273966e-002  ,1.187532113741e-005  ,0.000000000000e+000  
  5.523307189981e-002  ,2.757876875520e-005  ,0.000000000000e+000  
  5.529725647013e-002  ,2.416777741844e-005  ,0.000000000000e+000  
  5.537075500528e-002  ,1.340131817190e-005  ,0.000000000000e+000  
  5.545773010294e-002  ,4.143577294298e-006  ,0.000000000000e+000  
  5.554035949747e-002  ,-5.101277428279e-007  ,0.000000000000e+000  
  5.560355529825e-002  ,-1.741740869000e-006  ,0.000000000000e+000  
  5.567351379435e-002  ,-1.600476108702e-006  ,0.000000000000e+000  
  5.574697570841e-002  ,-1.071807100217e-006  ,0.000000000000e+000  
  5.581736145060e-002  ,-4.860880391578e-007  ,0.000000000000e+000  
  5.595813293497e-002  ,7.504382367405e-008  ,0.000000000000e+000  
  5.614975891153e-002  ,1.823895423395e-007  ,0.000000000000e+000  
  5.633533020060e-002  ,2.789822816138e-009  ,0.000000000000e+000  
  5.670647277872e-002  ,-2.452672006513e-008  ,0.000000000000e+000  
  5.729114074747e-002  ,2.072455021462e-008  ,0.000000000000e+000  
  5.824944152872e-002  ,-1.648926148825e-008  ,0.000000000000e+000  
  6.000000000040e-002  ,-2.325029332268e-009  ,3.999994779846e-010  
  6.002719116251e-002  ,7.677561454413e-003  ,2.719116250938e-002  
  6.008157348673e-002  ,3.260074178530e-002  ,8.157348672812e-002  
  6.019033813517e-002  ,9.642259115525e-002  ,1.903381351656e-001  
  6.030570678751e-002  ,1.379121371663e-001  ,3.057067875094e-001  
  6.045265502970e-002  ,1.477959745971e-001  ,4.526550296969e-001  
  6.063532104532e-002  ,1.439843154877e-001  ,6.353210453219e-001  
  6.085324096720e-002  ,1.371617283974e-001  ,8.532409671969e-001  
  6.126305542032e-002  ,1.397479109621e-001  ,1.263055420322e+000  
  6.184830932657e-002  ,1.393909968606e-001  ,1.848309326572e+000  
  6.200000000040e-002  ,1.389916658970e-001  ,2.000000000000e+000  
  6.201498870890e-002  ,1.363694374177e-001  ,2.000000000000e+000  
  6.204496612589e-002  ,1.258476108375e-001  ,2.000000000000e+000  
  6.210492095987e-002  ,9.172008371619e-002  ,2.000000000000e+000  
  6.218756256144e-002  ,4.476983792367e-002  ,2.000000000000e+000  
  6.228193512003e-002  ,6.695189499545e-003  ,2.000000000000e+000  
  6.238751373331e-002  ,-9.314095527195e-003  ,2.000000000000e+000  
  6.246445465128e-002  ,-1.011207172194e-002  ,2.000000000000e+000  
  6.255771637003e-002  ,-5.284121048803e-003  ,2.000000000000e+000  
  6.262262115519e-002  ,-2.486767675386e-003  ,2.000000000000e+000  
  6.269575347940e-002  ,-3.811416239636e-004  ,2.000000000000e+000  
  6.283054351847e-002  ,7.105985225704e-004  ,2.000000000000e+000  
  6.294100494425e-002  ,5.776494856047e-004  ,2.000000000000e+000  
  6.304819488565e-002  ,1.386670071648e-004  ,2.000000000000e+000  
  6.321945953409e-002  ,-8.370499649679e-005  ,2.000000000000e+000  
  6.339521637003e-002  ,-2.796876388400e-005  ,2.000000000000e+000  
  6.374673004190e-002  ,1.982180986682e-005  ,2.000000000000e+000  
  6.423325347940e-002  ,-1.000643438864e-005  ,2.000000000000e+000  
  6.520630035440e-002  ,-4.695844947111e-006  ,2.000000000000e+000  
  6.715239410440e-002  ,4.234856965990e-006  ,2.000000000000e+000  
  7.104458160440e-002  ,-3.994205573399e-006  ,2.000000000000e+000  
  7.200000000040e-002  ,-3.188886927852e-007  ,1.999999999600e+000  
  7.201617431681e-002  ,-3.191020852231e-003  ,1.983825683194e+000  
  7.204852294962e-002  ,-1.454592883493e-002  ,1.951477050381e+000  
  7.211322021524e-002  ,-5.264381182004e-002  ,1.886779784756e+000  
  7.220551757852e-002  ,-1.032175034902e-001  ,1.794482421475e+000  
  7.229932861368e-002  ,-1.369071579778e-001  ,1.700671386319e+000  
  7.248695068399e-002  ,-1.487160519351e-001  ,1.513049316006e+000  
  7.259636230509e-002  ,-1.449052673287e-001  ,1.403637694913e+000  
  7.281518554727e-002  ,-1.373987764932e-001  ,1.184814452725e+000  
  7.313945312540e-002  ,-1.392437292652e-001  ,8.605468746000e-001  
  7.378798828165e-002  ,-1.396455814274e-001  ,2.120117183500e-001  
  7.400000000040e-002  ,-1.390000837814e-001  ,0.000000000000e+000  
  7.402253418009e-002  ,-1.336783097560e-001  ,0.000000000000e+000  
  7.406760253946e-002  ,-1.139426443436e-001  ,0.000000000000e+000  
  7.415773925821e-002  ,-6.034752948325e-002  ,0.000000000000e+000  
  7.424868164102e-002  ,-1.877601424514e-002  ,0.000000000000e+000  
  7.433297119181e-002  ,2.744901620786e-003  ,0.000000000000e+000  
  7.442141113321e-002  ,9.376173548246e-003  ,0.000000000000e+000  
  7.448710937540e-002  ,8.461827428151e-003  ,0.000000000000e+000  
  7.456208496134e-002  ,4.704796738501e-003  ,0.000000000000e+000  
  7.462446289102e-002  ,2.237004249127e-003  ,0.000000000000e+000  
  7.469708251993e-002  ,3.857246423843e-004  ,0.000000000000e+000  
  7.475571899454e-002  ,-3.244984016573e-004  ,0.000000000000e+000  
  7.482317504923e-002  ,-5.223543018475e-004  ,0.000000000000e+000  
  7.488654174845e-002  ,-4.682472485736e-004  ,0.000000000000e+000  
  7.495906372110e-002  ,-2.739373599301e-004  ,0.000000000000e+000  
  7.504812622110e-002  ,-9.126003674095e-005  ,0.000000000000e+000  
  7.513829956095e-002  ,9.363106514483e-006  ,0.000000000000e+000  
  7.520497436563e-002  ,3.387217391735e-005  ,0.000000000000e+000  
  7.527573852579e-002  ,3.025176704935e-005  ,0.000000000000e+000  
  7.533634033243e-002  ,2.156698049562e-005  ,0.000000000000e+000  
  7.540893554727e-002  ,1.000297419854e-005  ,0.000000000000e+000  
  7.551875000040e-002  ,5.008311624694e-008  ,0.000000000000e+000  
  7.559776611368e-002  ,-2.522077643344e-006  ,0.000000000000e+000  
  7.568476562540e-002  ,-2.327351844900e-006  ,0.000000000000e+000  
  7.574848632853e-002  ,-1.616518147369e-006  ,0.000000000000e+000  
  7.581822509806e-002  ,-7.367443740965e-007  ,0.000000000000e+000  
  7.595770263712e-002  ,1.099455284496e-007  ,0.000000000000e+000  
  7.611295166056e-002  ,2.619214250401e-007  ,0.000000000000e+000  
  7.626375732462e-002  ,5.235838590708e-008  ,0.000000000000e+000  
  7.654549560587e-002  ,-4.582299233428e-008  ,0.000000000000e+000  
  7.691092529337e-002  ,1.740216988177e-008  ,0.000000000000e+000  
  7.729442138712e-002  ,1.253104677000e-008  ,0.000000000000e+000  
  7.806141357462e-002  ,-8.546358067218e-009  ,0.000000000000e+000  
  7.959539794962e-002  ,6.748322065620e-009  ,0.000000000000e+000  
  8.000000000040e-002  ,-1.698375188442e-009  ,3.999994779846e-010  
  8.000846405069e-002  ,9.789916673154e-004  ,8.464050692963e-003  
  8.002539215128e-002  ,4.706395711267e-003  ,2.539215127891e-002  
  8.005366058390e-002  ,1.659942421854e-002  ,5.366058389610e-002  
  8.008006439249e-002  ,3.229425994951e-002  ,8.006439248985e-002  
  8.013287200968e-002  ,6.628737027076e-002  ,1.328720096773e-001  
  8.020721282999e-002  ,1.068671547695e-001  ,2.072128299899e-001  
  8.034100189249e-002  ,1.429702931346e-001  ,3.410018924899e-001  
  8.056837005655e-002  ,1.453665061175e-001  ,5.683700565524e-001  
  8.073248138468e-002  ,1.407506670784e-001  ,7.324813846774e-001  
  8.103321380655e-002  ,1.372638246503e-001  ,1.033213806552e+000  
  8.153379974405e-002  ,1.389572944771e-001  ,1.533799744052e+000  
  8.200000000040e-002  ,1.398922853909e-001  ,2.000000000000e+000  
  8.202563171427e-002  ,1.328987269717e-001  ,2.000000000000e+000  
  8.207689514200e-002  ,1.095267938843e-001  ,2.000000000000e+000  
  8.217942199747e-002  ,4.817927906929e-002  ,2.000000000000e+000  
  8.226131897013e-002  ,1.377436065873e-002  ,2.000000000000e+000  
  8.235528869669e-002  ,-5.727666661514e-003  ,2.000000000000e+000  
  8.242372131388e-002  ,-9.035071555736e-003  ,2.000000000000e+000  
  8.248528137247e-002  ,-7.900756131701e-003  ,2.000000000000e+000  
  8.257315979044e-002  ,-3.794606388233e-003  ,2.000000000000e+000  
  8.264151916544e-002  ,-1.472790712284e-003  ,2.000000000000e+000  
  8.271404113810e-002  ,-2.451775081047e-005  ,2.000000000000e+000  
  8.285908508341e-002  ,5.952168706842e-004  ,2.000000000000e+000  
  8.298403625528e-002  ,3.776946641336e-004  ,2.000000000000e+000  
  8.310613098185e-002  ,1.302867217756e-005  ,2.000000000000e+000  
  8.332007141153e-002  ,-7.288732369526e-005  ,2.000000000000e+000  
  8.357285461466e-002  ,1.592707385001e-005  ,2.000000000000e+000  
  8.399697570841e-002  ,2.266647444005e-005  ,2.000000000000e+000  
  8.484521789591e-002  ,-1.608206714998e-005  ,2.000000000000e+000  
  8.654170227091e-002  ,1.306716986593e-005  ,2.000000000000e+000  
  8.993467102091e-002  ,1.570092442282e-006  ,2.000000000000e+000  
  9.200000000040e-002  ,-1.430967450311e-006  ,1.999999999600e+000  
  9.203171386759e-002  ,-9.794517464908e-003  ,1.968286132412e+000  
  9.209514160196e-002  ,-4.043741250704e-002  ,1.904858398038e+000  
  9.222199707071e-002  ,-1.107896118254e-001  ,1.778002929287e+000  
  9.234189453165e-002  ,-1.438446463984e-001  ,1.658105468350e+000  
  9.251291503946e-002  ,-1.465572827959e-001  ,1.487084960537e+000  
  9.262897949259e-002  ,-1.426085337844e-001  ,1.371020507413e+000  
  9.286110839884e-002  ,-1.374169737344e-001  ,1.138891601162e+000  
  9.325886230509e-002  ,-1.398107563554e-001  ,7.411376949125e-001  
  9.400000000040e-002  ,-1.391866993635e-001  ,0.000000000000e+000  
  9.404745483438e-002  ,-1.216974393605e-001  ,0.000000000000e+000  
  9.414236450235e-002  ,-7.216602969660e-002  ,0.000000000000e+000  
  9.423820190470e-002  ,-2.596160329729e-002  ,0.000000000000e+000  
  9.432058715860e-002  ,-1.016863271476e-003  ,0.000000000000e+000  
  9.440388793985e-002  ,9.681837582072e-003  ,0.000000000000e+000  
  9.449077758829e-002  ,9.353077166908e-003  ,0.000000000000e+000  
  9.455460815470e-002  ,6.618863812144e-003  ,0.000000000000e+000  
  9.463087768595e-002  ,2.823812060349e-003  ,0.000000000000e+000  
  9.470418090860e-002  ,5.919986611417e-004  ,0.000000000000e+000  
  9.477664184610e-002  ,-3.918311669866e-004  ,0.000000000000e+000  
  9.483876342813e-002  ,-6.349756110103e-004  ,0.000000000000e+000  
  9.490659790079e-002  ,-5.129910200167e-004  ,0.000000000000e+000  
  9.497168579142e-002  ,-3.327339860795e-004  ,0.000000000000e+000  
  9.504905395548e-002  ,-1.284954134511e-004  ,0.000000000000e+000  
  9.511528930704e-002  ,-2.491833975250e-005  ,0.000000000000e+000  
  9.518286743204e-002  ,2.630484435262e-005  ,0.000000000000e+000  
  9.525877075235e-002  ,3.648884908369e-005  ,0.000000000000e+000  
  9.532278442423e-002  ,3.016584629398e-005  ,0.000000000000e+000  
  9.539472045938e-002  ,1.639399013154e-005  ,0.000000000000e+000  
  9.552243042032e-002  ,1.101306159937e-006  ,0.000000000000e+000  
  9.558211059610e-002  ,-1.683459184904e-006  ,0.000000000000e+000  
  9.566028442423e-002  ,-2.715476213531e-006  ,0.000000000000e+000  
  9.573746948282e-002  ,-1.948105072409e-006  ,0.000000000000e+000  
  9.581364135782e-002  ,-1.051191522508e-006  ,0.000000000000e+000  
  9.588716430704e-002  ,-3.282369040687e-007  ,0.000000000000e+000  
  9.603421020548e-002  ,1.856757095653e-007  ,0.000000000000e+000  
  9.617505493204e-002  ,1.078926269000e-007  ,0.000000000000e+000  
  9.635149536173e-002  ,-1.006201870380e-008  ,0.000000000000e+000  
  9.661467895548e-002  ,-1.382585224332e-008  ,0.000000000000e+000  
  9.714104614298e-002  ,1.071487445152e-008  ,0.000000000000e+000  
  9.811956176798e-002  ,-8.260665095840e-009  ,0.000000000000e+000  
  1.000000000004e-001  ,7.069400752066e-009  ,3.999994779846e-010  
  1.000290649418e-001  ,8.540275523828e-003  ,2.906494180625e-002  
  1.000871948246e-001  ,3.584310609443e-002  ,8.719482461875e-002  
  1.002034545902e-001  ,1.026579063073e-001  ,2.034545902437e-001  
  1.003205688481e-001  ,1.406462160943e-001  ,3.205688480562e-001  
  1.004772827152e-001  ,1.474753015075e-001  ,4.772827152437e-001  
  1.006653198246e-001  ,1.427639300096e-001  ,6.653198246187e-001  
  1.008873901371e-001  ,1.371013650041e-001  ,8.873901371187e-001  
  1.013315307621e-001  ,1.400406855528e-001  ,1.331530762119e+000  
  1.020000000004e-001  ,1.391118904652e-001  ,2.000000000000e+000  
  1.020452880863e-001  ,1.227544685205e-001  ,2.000000000000e+000  
  1.021358642582e-001  ,7.554691271327e-002  ,2.000000000000e+000  
  1.022325683598e-001  ,2.793525439521e-002  ,2.000000000000e+000  
  1.023362670902e-001  ,-2.348186402989e-003  ,2.000000000000e+000  
  1.024381347660e-001  ,-1.080226766698e-002  ,2.000000000000e+000  
  1.024988281254e-001  ,-9.464908252144e-003  ,2.000000000000e+000  
  1.025677612309e-001  ,-6.106235761608e-003  ,2.000000000000e+000  
  1.026552612309e-001  ,-1.835911943439e-003  ,2.000000000000e+000  
  1.027347656254e-001  ,1.546277284561e-004  ,2.000000000000e+000  
  1.028142822270e-001  ,7.259564739928e-004  ,2.000000000000e+000  
  1.029046752934e-001  ,6.755767140123e-004  ,2.000000000000e+000  
  1.029915893559e-001  ,3.096185550684e-004  ,2.000000000000e+000  
  1.031375366215e-001  ,-2.383125569994e-005  ,2.000000000000e+000  
  1.032831420902e-001  ,-5.687121188513e-005  ,2.000000000000e+000  
  1.035743530277e-001  ,9.954469462281e-006  ,2.000000000000e+000  
  1.039788452152e-001  ,3.507285587956e-006  ,2.000000000000e+000  
  1.047878295902e-001  ,-5.231124949656e-006  ,2.000000000000e+000  
  1.064057983402e-001  ,5.392154744932e-006  ,2.000000000000e+000  
  1.096417358402e-001  ,-1.816495531770e-008  ,2.000000000000e+000  
  1.120000000004e-001  ,-8.061192424691e-008  ,1.999999999600e+000  
  1.120358154301e-001  ,-1.179533508096e-002  ,1.964184569913e+000  
  1.121074462895e-001  ,-4.750625046991e-002  ,1.892553710537e+000  
  1.122321533207e-001  ,-1.107372214727e-001  ,1.767846679287e+000  
  1.123537963871e-001  ,-1.469261007665e-001  ,1.646203612881e+000  
  1.125779663090e-001  ,-1.461311170050e-001  ,1.422033691006e+000  
  1.127594848637e-001  ,-1.399686504435e-001  ,1.240515136319e+000  
  1.130122192387e-001  ,-1.369765595062e-001  ,9.877807613188e-001  
  1.135176879887e-001  ,-1.407102744219e-001  ,4.823120113188e-001  
  1.140000000004e-001  ,-1.398280147131e-001  ,0.000000000000e+000  
  1.140406127934e-001  ,-1.258262556832e-001  ,0.000000000000e+000  
  1.141218383793e-001  ,-8.354778945793e-002  ,0.000000000000e+000  
  1.142202148442e-001  ,-3.271083288507e-002  ,0.000000000000e+000  
  1.143182250981e-001  ,-8.016994754725e-004  ,0.000000000000e+000  
  1.144161621098e-001  ,1.039752223979e-002  ,0.000000000000e+000  
  1.144845092777e-001  ,9.855304689227e-003  ,0.000000000000e+000  
  1.145627075199e-001  ,5.406842106227e-003  ,0.000000000000e+000  
  1.146241577152e-001  ,2.617372740119e-003  ,0.000000000000e+000  
  1.146954345707e-001  ,4.940770738247e-004  ,0.000000000000e+000  
  1.147535583500e-001  ,-3.446891456962e-004  ,0.000000000000e+000  
  1.148213195805e-001  ,-6.708743661513e-004  ,0.000000000000e+000  
  1.149030090336e-001  ,-5.159241795696e-004  ,0.000000000000e+000  
  1.149685974125e-001  ,-3.230351831115e-004  ,0.000000000000e+000  
  1.150426818852e-001  ,-1.205080212884e-004  ,0.000000000000e+000  
  1.151039367680e-001  ,-2.231468690651e-005  ,0.000000000000e+000  
  1.151685485844e-001  ,2.824530044419e-005  ,0.000000000000e+000  
  1.152440734867e-001  ,3.851158275453e-005  ,0.000000000000e+000  
  1.153092590336e-001  ,3.158403728167e-005  ,0.000000000000e+000  
  1.153814392094e-001  ,1.697651464450e-005  ,0.000000000000e+000  
  1.155100769047e-001  ,9.445708430094e-007  ,0.000000000000e+000  
  1.155694274906e-001  ,-1.873235379941e-006  ,0.000000000000e+000  
  1.156476745609e-001  ,-2.877474706254e-006  ,0.000000000000e+000  
  1.157249938969e-001  ,-2.030268389761e-006  ,0.000000000000e+000  
  1.158009216313e-001  ,-1.081038425608e-006  ,0.000000000000e+000  
  1.158741882328e-001  ,-3.301338793884e-007  ,0.000000000000e+000  
  1.160207214359e-001  ,1.970541317085e-007  ,0.000000000000e+000  
  1.161557556156e-001  ,1.161667189776e-007  ,0.000000000000e+000  
  1.163284362797e-001  ,-7.445244830752e-009  ,0.000000000000e+000  
  1.165816101078e-001  ,-1.589369990688e-008  ,0.000000000000e+000  
  1.170879577641e-001  ,1.125266413333e-008  ,0.000000000000e+000  
  1.180028015141e-001  ,-8.168445454960e-009  ,0.000000000000e+000  
  1.198324890141e-001  ,6.749086475546e-009  ,0.000000000000e+000  
  1.200000000004e-001  ,1.526581597565e-009  ,4.000133557724e-010  
  1.200051452641e-001  ,3.775238802229e-004  ,5.145264071887e-003  
  1.200154357914e-001  ,1.867914866265e-003  ,1.543579141564e-002  
  1.200320739750e-001  ,6.811008620611e-003  ,3.207397500939e-002  
  1.200474884037e-001  ,1.374070071433e-002  ,4.748840372032e-002  
  1.200783172611e-001  ,3.140217150274e-002  ,7.831726114220e-002  
  1.201256378178e-001  ,6.193561389001e-002  ,1.256378177828e-001  
  1.202142730717e-001  ,1.099133103976e-001  ,2.142730716891e-001  
  1.203291290287e-001  ,1.411473553066e-001  ,3.291290287203e-001  
  1.205588409428e-001  ,1.459086637686e-001  ,5.588409427828e-001  
  1.207806182865e-001  ,1.375967563867e-001  ,7.806182865328e-001  
  1.210513702397e-001  ,1.388292831954e-001  ,1.051370239658e+000  
  1.214216339115e-001  ,1.397588433195e-001  ,1.421633911533e+000  
  1.220000000004e-001  ,1.392319818731e-001  ,2.000000000000e+000  
  1.220480041508e-001  ,1.215881399512e-001  ,2.000000000000e+000  
  1.221440124516e-001  ,7.127843791227e-002  ,2.000000000000e+000  
  1.222383117680e-001  ,2.586786893766e-002  ,2.000000000000e+000  
  1.223436706547e-001  ,-3.473974400669e-003  ,2.000000000000e+000  
  1.224444519047e-001  ,-1.077093590562e-002  ,2.000000000000e+000  
  1.225047363285e-001  ,-9.244913793669e-003  ,2.000000000000e+000  
  1.225750244145e-001  ,-5.801703232064e-003  ,2.000000000000e+000  
  1.226620605473e-001  ,-1.671119898340e-003  ,2.000000000000e+000  
  1.227440185551e-001  ,2.672969836195e-004  ,2.000000000000e+000  
  1.228264160160e-001  ,7.509188171755e-004  ,2.000000000000e+000  
  1.229172851566e-001  ,6.442225188421e-004  ,2.000000000000e+000  
  1.230050170902e-001  ,2.738185573159e-004  ,2.000000000000e+000  
  1.231565551762e-001  ,-4.115632157875e-005  ,2.000000000000e+000  
  1.233109985356e-001  ,-5.276673079235e-005  ,2.000000000000e+000  
  1.236198852543e-001  ,1.528383894689e-005  ,2.000000000000e+000  
  1.240396118168e-001  ,-6.873831170928e-007  ,2.000000000000e+000  
  1.248790649418e-001  ,-5.350615763344e-006  ,2.000000000000e+000  
  1.265579711918e-001  ,4.016164337317e-006  ,2.000000000000e+000  
  1.299157836918e-001  ,-3.427135097933e-006  ,2.000000000000e+000  
  1.320000000004e-001  ,-4.056998978985e-007  ,1.999999999600e+000  
  1.320319763188e-001  ,-9.919847500700e-003  ,1.968023681241e+000  
  1.320959289555e-001  ,-4.089184733759e-002  ,1.904071044522e+000  
  1.322238342289e-001  ,-1.115519425820e-001  ,1.776165771084e+000  
  1.323440246586e-001  ,-1.441210167861e-001  ,1.655975341397e+000  
  1.325165100102e-001  ,-1.464429601331e-001  ,1.483489989834e+000  
  1.326329895024e-001  ,-1.424626683556e-001  ,1.367010497647e+000  
  1.328659484867e-001  ,-1.374110198173e-001  ,1.134051513272e+000  
  1.332702941899e-001  ,-1.398520489808e-001  ,7.297058101469e-001  
  1.340000000004e-001  ,-1.391588752580e-001  ,0.000000000000e+000  
  1.340460632328e-001  ,-1.223872551560e-001  ,0.000000000000e+000  
  1.341381896977e-001  ,-7.437438189807e-002  ,0.000000000000e+000  
  1.342348083500e-001  ,-2.717388518506e-002  ,0.000000000000e+000  
  1.343200134281e-001  ,-1.017230147738e-003  ,0.000000000000e+000  
  1.344055847172e-001  ,9.947924425345e-003  ,0.000000000000e+000  
  1.344923522953e-001  ,9.459773086741e-003  ,0.000000000000e+000  
  1.345554260258e-001  ,6.683186460945e-003  ,0.000000000000e+000  
  1.346316589359e-001  ,2.842728996622e-003  ,0.000000000000e+000  
  1.347054382328e-001  ,5.769918309369e-004  ,0.000000000000e+000  
  1.347782287602e-001  ,-4.091798464372e-004  ,0.000000000000e+000  
  1.348405090336e-001  ,-6.467591071862e-004  ,0.000000000000e+000  
  1.349083923344e-001  ,-5.176496845179e-004  ,0.000000000000e+000  
  1.349734924320e-001  ,-3.333731521477e-004  ,0.000000000000e+000  
  1.350508972172e-001  ,-1.271898249174e-004  ,0.000000000000e+000  
  1.351154357914e-001  ,-2.540652394627e-005  ,0.000000000000e+000  
  1.351824646000e-001  ,2.625241782799e-005  ,0.000000000000e+000  
  1.352579528813e-001  ,3.682416772477e-005  ,0.000000000000e+000  
  1.353221252445e-001  ,3.057356263939e-005  ,0.000000000000e+000  
  1.353941101078e-001  ,1.667507864663e-005  ,0.000000000000e+000  
  1.355215515141e-001  ,1.188900460234e-006  ,0.000000000000e+000  
  1.355817687992e-001  ,-1.680608719256e-006  ,0.000000000000e+000  
  1.356603210453e-001  ,-2.744679995603e-006  ,0.000000000000e+000  
  1.357374572758e-001  ,-1.972836891611e-006  ,0.000000000000e+000  
  1.358131286625e-001  ,-1.071402562102e-006  ,0.000000000000e+000  
  1.358860900883e-001  ,-3.418089559487e-007  ,0.000000000000e+000  
  1.360320129399e-001  ,1.849526806298e-007  ,0.000000000000e+000  
  1.361725646977e-001  ,1.112166414631e-007  ,0.000000000000e+000  
  1.363470520024e-001  ,-8.487979764492e-009  ,0.000000000000e+000  
  1.366057922367e-001  ,-1.478148054472e-008  ,0.000000000000e+000  
  1.371232727055e-001  ,1.094068035942e-008  ,0.000000000000e+000  
  1.380743469242e-001  ,-8.203481907813e-009  ,0.000000000000e+000  
  1.399764953617e-001  ,6.908089909985e-009  ,0.000000000000e+000  
  1.400000000004e-001  ,5.970998304912e-009  ,3.999856001968e-010  
  1.400009872441e-001  ,1.467329165172e-005  ,9.872440523417e-004  
  1.400029617314e-001  ,7.521110655653e-005  ,2.961731357026e-003  
  1.400059658055e-001  ,2.790615749613e-004  ,5.965805453700e-003  
  1.400087821964e-001  ,5.892844500269e-004  ,8.782196444901e-003  
  1.400144149784e-001  ,1.529638989576e-003  ,1.441497842733e-002  
  1.400216232304e-001  ,3.303467182732e-003  ,2.162323038046e-002  
  1.400356964115e-001  ,8.308887900219e-003  ,3.569641153281e-002  
  1.400558624272e-001  ,1.818254507420e-002  ,5.586242715780e-002  
  1.400944854740e-001  ,4.173838749502e-002  ,9.448547403279e-002  
  1.401617584233e-001  ,8.371224748630e-002  ,1.617584232515e-001  
  1.402566192631e-001  ,1.254724881302e-001  ,2.566192630953e-001  
  1.404100128178e-001  ,1.476156461080e-001  ,4.100128177828e-001  
  1.406142852787e-001  ,1.469640340809e-001  ,6.142852787203e-001  
  1.408315460209e-001  ,1.372321300095e-001  ,8.315460209078e-001  
  1.412071807865e-001  ,1.392108828052e-001  ,1.207180786533e+000  
  1.416224639897e-001  ,1.398771285892e-001  ,1.622463989658e+000  
  1.420000000004e-001  ,1.392871233129e-001  ,2.000000000000e+000  
  1.420406005863e-001  ,1.249305167654e-001  ,2.000000000000e+000  
  1.421218017582e-001  ,8.363716598430e-002  ,2.000000000000e+000  
  1.422273437504e-001  ,3.033290718715e-002  ,2.000000000000e+000  
  1.423299072270e-001  ,-1.273220428042e-003  ,2.000000000000e+000  
  1.424327514652e-001  ,-1.115773070396e-002  ,2.000000000000e+000  
  1.424955200199e-001  ,-9.934838414230e-003  ,2.000000000000e+000  
  1.425634643559e-001  ,-6.528067760901e-003  ,2.000000000000e+000  
  1.426520874027e-001  ,-1.974368632721e-003  ,2.000000000000e+000  
  1.427292358402e-001  ,8.815436332243e-005  ,2.000000000000e+000  
  1.428061767582e-001  ,7.310945541887e-004  ,2.000000000000e+000  
  1.428945190434e-001  ,7.229422455504e-004  ,2.000000000000e+000  
  1.429791503910e-001  ,3.577692427961e-004  ,2.000000000000e+000  
  1.431183105473e-001  ,-1.460746640980e-006  ,2.000000000000e+000  
  1.432545410160e-001  ,-6.038271226094e-005  ,2.000000000000e+000  
  1.435270019535e-001  ,-2.353254425280e-005  ,2.000000000000e+000  
  1.439073730473e-001  ,2.428019743395e-005  ,2.000000000000e+000  
  1.446681152348e-001  ,-1.822840251897e-005  ,2.000000000000e+000  
  1.461895996098e-001  ,-3.354962560209e-006  ,2.000000000000e+000  
  1.492325683598e-001  ,3.334119722531e-006  ,2.000000000000e+000  
  1.520000000004e-001  ,-3.262504408186e-006  ,1.999999999600e+000  
  1.520415466313e-001  ,-1.467884348732e-002  ,1.958453368741e+000  
  1.521246398930e-001  ,-5.714537016365e-002  ,1.875360107022e+000  
  1.522567199711e-001  ,-1.195529647221e-001  ,1.743280028897e+000  
  1.523904113774e-001  ,-1.507085966411e-001  ,1.609588622647e+000  
  1.526416320805e-001  ,-1.430496986517e-001  ,1.358367919522e+000  
  1.527716369633e-001  ,-1.387918619024e-001  ,1.228363036709e+000  
  1.530316467289e-001  ,-1.374394518515e-001  ,9.683532710843e-001  
  1.534529357914e-001  ,-1.394004428051e-001  ,5.470642085843e-001  
  1.540000000004e-001  ,-1.397011787058e-001  ,0.000000000000e+000  
  1.540392517094e-001  ,-1.262642529861e-001  ,0.000000000000e+000  
  1.541177551274e-001  ,-8.566345102306e-002  ,0.000000000000e+000  
  1.542179138188e-001  ,-3.356480516249e-002  ,0.000000000000e+000  
  1.543178527836e-001  ,-7.575931618485e-004  ,0.000000000000e+000  
  1.544161560063e-001  ,1.055439361740e-002  ,0.000000000000e+000  
  1.544842224125e-001  ,9.974417264485e-003  ,0.000000000000e+000  
  1.545627990727e-001  ,5.444639664143e-003  ,0.000000000000e+000  
  1.546243957524e-001  ,2.620603919678e-003  ,0.000000000000e+000  
  1.546956726078e-001  ,4.832268089395e-004  ,0.000000000000e+000  
  1.547536132817e-001  ,-3.558390530727e-004  ,0.000000000000e+000  
  1.548214477543e-001  ,-6.811214382162e-004  ,0.000000000000e+000  
  1.549031738285e-001  ,-5.210251195555e-004  ,0.000000000000e+000  
  1.549687622074e-001  ,-3.251200804802e-004  ,0.000000000000e+000  
  1.550428833012e-001  ,-1.204990470383e-004  ,0.000000000000e+000  
  1.551033508305e-001  ,-2.262839041226e-005  ,0.000000000000e+000  
  1.551677185063e-001  ,2.843300813824e-005  ,0.000000000000e+000  
  1.552430603031e-001  ,3.894019651371e-005  ,0.000000000000e+000  
  1.553083312992e-001  ,3.199122684369e-005  ,0.000000000000e+000  
  1.553805603031e-001  ,1.721508574963e-005  ,0.000000000000e+000  
  1.555090759281e-001  ,9.859592693284e-007  ,0.000000000000e+000  
  1.555686828617e-001  ,-1.888447160158e-006  ,0.000000000000e+000  
  1.556471374516e-001  ,-2.911881101162e-006  ,0.000000000000e+000  
  1.557244201664e-001  ,-2.055131181737e-006  ,0.000000000000e+000  
  1.558000061039e-001  ,-1.098133605940e-006  ,0.000000000000e+000  
  1.558728698734e-001  ,-3.400263308083e-007  ,0.000000000000e+000  
  1.560185974125e-001  ,1.975722877625e-007  ,0.000000000000e+000  
  1.561529968266e-001  ,1.192360405943e-007  ,0.000000000000e+000  
  1.563240417484e-001  ,-5.995071803874e-009  ,0.000000000000e+000  
  1.565734558109e-001  ,-1.670126911298e-008  ,0.000000000000e+000  
  1.570722839359e-001  ,1.137516512134e-008  ,0.000000000000e+000  
  1.579651550297e-001  ,-8.038721363475e-009  ,0.000000000000e+000  
  1.597508972172e-001  ,6.538021454833e-009  ,0.000000000000e+000  
  1.600000000004e-001  ,1.936248423831e-010  ,4.000133557724e-010  
  1.600062873844e-001  ,5.565155258032e-004  ,6.287384433229e-003  
  1.600188621525e-001  ,2.722293764242e-003  ,1.886215249963e-002  
  1.600394096379e-001  ,9.809396521676e-003  ,3.940963785121e-002  
  1.600584953312e-001  ,1.954924485778e-002  ,5.849533121058e-002  
  1.600966667179e-001  ,4.308883732881e-002  ,9.666671792932e-002  
  1.601593498234e-001  ,8.236020840408e-002  ,1.593498233981e-001  
  1.602589225773e-001  ,1.261292556086e-001  ,2.589225773043e-001  
  1.604086051945e-001  ,1.474740098290e-001  ,4.086051944918e-001  
  1.606093864445e-001  ,1.468949794121e-001  ,6.093864444918e-001  
  1.608277214054e-001  ,1.372533596053e-001  ,8.277214054294e-001  
  1.611983268742e-001  ,1.391950149618e-001  ,1.198326874179e+000  
  1.616159538273e-001  ,1.398726934740e-001  ,1.615953827304e+000  
  1.620000000004e-001  ,1.392892639664e-001  ,2.000000000000e+000  
  1.620405273442e-001  ,1.249707121845e-001  ,2.000000000000e+000  
  1.621215820317e-001  ,8.376164911627e-002  ,2.000000000000e+000  
  1.622271850590e-001  ,3.039555394565e-002  ,2.000000000000e+000  
  1.623296997074e-001  ,-1.237929088233e-003  ,2.000000000000e+000  
  1.624325805668e-001  ,-1.115898869255e-002  ,2.000000000000e+000  
  1.624953613285e-001  ,-9.941753602209e-003  ,2.000000000000e+000  
  1.625632812504e-001  ,-6.536582407624e-003  ,2.000000000000e+000  
  1.626519165043e-001  ,-1.978781181101e-003  ,2.000000000000e+000  
  1.627290039067e-001  ,8.509177876448e-005  ,2.000000000000e+000  
  1.628058715824e-001  ,7.302486376533e-004  ,2.000000000000e+000  
  1.628942016606e-001  ,7.237134276905e-004  ,2.000000000000e+000  
  1.629788085942e-001  ,3.587642531229e-004  ,2.000000000000e+000  
  1.631178222660e-001  ,-8.619496609796e-007  ,2.000000000000e+000  
  1.632538574223e-001  ,-6.038998409785e-005  ,2.000000000000e+000  
  1.635259277348e-001  ,-2.381845587118e-005  ,2.000000000000e+000  
  1.639061035160e-001  ,2.437434750080e-005  ,2.000000000000e+000  
  1.646664550785e-001  ,-1.825897128560e-005  ,2.000000000000e+000  
  1.661871582035e-001  ,-3.383430432269e-006  ,2.000000000000e+000  
  1.692285644535e-001  ,3.359072124676e-006  ,2.000000000000e+000  
  1.720000000004e-001  ,-3.284009116422e-006  ,1.999999999600e+000  
  1.720416015629e-001  ,-1.470679960531e-002  ,1.958398437100e+000  
  1.721248046879e-001  ,-5.723588890830e-002  ,1.875195312100e+000  
  1.722569580082e-001  ,-1.196319196473e-001  ,1.743041991788e+000  
  1.723907714848e-001  ,-1.507373790417e-001  ,1.609228515225e+000  
  1.726422851567e-001  ,-1.430184623699e-001  ,1.357714843350e+000  
  1.727726318363e-001  ,-1.387673235838e-001  ,1.227368163662e+000  
  1.730333251957e-001  ,-1.374487460993e-001  ,9.666748042875e-001  
  1.734542724613e-001  ,-1.394088063597e-001  ,5.457275386625e-001  
  1.740000000004e-001  ,-1.396962588909e-001  ,0.000000000000e+000  
  1.740391418461e-001  ,-1.263159151513e-001  ,0.000000000000e+000  
  1.741174255375e-001  ,-8.584909983813e-002  ,0.000000000000e+000  
  1.742176696781e-001  ,-3.366578550295e-002  ,0.000000000000e+000  
  1.743176574711e-001  ,-7.920149816086e-004  ,0.000000000000e+000  
  1.744160217289e-001  ,1.055928284332e-002  ,0.000000000000e+000  
  1.744841125492e-001  ,9.983705681747e-003  ,0.000000000000e+000  
  1.745627014164e-001  ,5.450128133607e-003  ,0.000000000000e+000  
  1.746242980961e-001  ,2.623678891694e-003  ,0.000000000000e+000  
  1.746955627445e-001  ,4.843934112807e-004  ,0.000000000000e+000  
  1.747534973149e-001  ,-3.556897454722e-004  ,0.000000000000e+000  
  1.748213439945e-001  ,-6.816130231876e-004  ,0.000000000000e+000  
  1.749030578617e-001  ,-5.215456623451e-004  ,0.000000000000e+000  
  1.749686462406e-001  ,-3.255027825571e-004  ,0.000000000000e+000  
  1.750427673344e-001  ,-1.206813014549e-004  ,0.000000000000e+000  
  1.751032714848e-001  ,-2.265289845390e-005  ,0.000000000000e+000  
  1.751676513676e-001  ,2.846147533503e-005  ,0.000000000000e+000  
  1.752430053715e-001  ,3.897476409342e-005  ,0.000000000000e+000  
  1.753082763676e-001  ,3.201699811696e-005  ,0.000000000000e+000  
  1.753805053715e-001  ,1.722741200025e-005  ,0.000000000000e+000  
  1.755090209965e-001  ,9.854894848300e-007  ,0.000000000000e+000  
  1.755686218266e-001  ,-1.890549568910e-006  ,0.000000000000e+000  
  1.756470764164e-001  ,-2.914448600397e-006  ,0.000000000000e+000  
  1.757243591313e-001  ,-2.056777120923e-006  ,0.000000000000e+000  
  1.757999328617e-001  ,-1.099057611916e-006  ,0.000000000000e+000  
  1.758727844242e-001  ,-3.404043152675e-007  ,0.000000000000e+000  
  1.760184875492e-001  ,1.976967077365e-007  ,0.000000000000e+000  
  1.761528381352e-001  ,1.193983314972e-007  ,0.000000000000e+000  
  1.763238098149e-001  ,-5.935662956495e-009  ,0.000000000000e+000  
  1.765730285649e-001  ,-1.674044776410e-008  ,0.000000000000e+000  
  1.770714660649e-001  ,1.138127075277e-008  ,0.000000000000e+000  
  1.779631652836e-001  ,-8.032167078450e-009  ,0.000000000000e+000  
  1.797465637211e-001  ,6.527397469568e-009  ,0.000000000000e+000  
  1.800000000004e-001  ,1.375191749585e-010  ,4.000133557724e-010  
  1.800063484196e-001  ,5.669332174491e-004  ,6.348419589464e-003  
  1.800190452580e-001  ,2.771763620655e-003  ,1.904525796836e-002  
  1.800398063664e-001  ,9.982385891603e-003  ,3.980636636680e-002  
  1.800590934757e-001  ,1.988144759550e-002  ,5.909347574179e-002  
  1.800976676945e-001  ,4.373572502918e-002  ,9.766769449179e-002  
  1.801609855656e-001  ,8.329436096475e-002  ,1.609855655856e-001  
  1.802612785343e-001  ,1.268296563496e-001  ,2.612785343356e-001  
  1.804128410343e-001  ,1.475975262926e-001  ,4.128410343356e-001  
  1.806075431828e-001  ,1.467006237324e-001  ,6.075431827731e-001  
  1.808298820500e-001  ,1.372199339167e-001  ,8.298820499606e-001  
  1.811947258000e-001  ,1.392237107154e-001  ,1.194725799961e+000  
  1.816258781437e-001  ,1.398402247099e-001  ,1.625878143711e+000  
  1.820000000004e-001  ,1.392813527715e-001  ,2.000000000000e+000  
  1.820402880863e-001  ,1.250889967501e-001  ,2.000000000000e+000  
  1.820589739994e-001  ,1.167856544564e-001  ,2.000000000000e+000  
  1.820963458256e-001  ,9.658694495206e-002  ,2.000000000000e+000  
  1.821710894779e-001  ,5.313622629507e-002  ,2.000000000000e+000  
  1.822639239506e-001  ,1.455094024958e-002  ,2.000000000000e+000  
  1.823636187748e-001  ,-4.977536324829e-003  ,2.000000000000e+000  
  1.824287066654e-001  ,-7.998958032307e-003  ,2.000000000000e+000  
  1.824895831303e-001  ,-7.163512467459e-003  ,2.000000000000e+000  
  1.825760211186e-001  ,-3.609843608375e-003  ,2.000000000000e+000  
  1.826449664311e-001  ,-1.472568088332e-003  ,2.000000000000e+000  
  1.827177935795e-001  ,-9.895196117427e-005  ,2.000000000000e+000  
  1.828634478764e-001  ,5.354450810888e-004  ,2.000000000000e+000  
  1.829944537358e-001  ,3.499421823625e-004  ,2.000000000000e+000  
  1.831225787358e-001  ,4.343383573913e-006  ,2.000000000000e+000  
  1.833479937748e-001  ,-6.484630214354e-005  ,2.000000000000e+000  
  1.836174761967e-001  ,1.935423601895e-005  ,2.000000000000e+000  
  1.840753863529e-001  ,1.990334116431e-005  ,2.000000000000e+000  
  1.849912066654e-001  ,-1.520914243480e-005  ,2.000000000000e+000  
  1.868228472904e-001  ,1.289972506791e-005  ,2.000000000000e+000  
  1.904861285404e-001  ,1.223394790362e-006  ,2.000000000000e+000  
  1.920000000004e-001  ,-1.116930592682e-006  ,1.999999999600e+000  
  1.920239959721e-001  ,-6.261819376272e-003  ,1.976004027920e+000  
  1.920719879154e-001  ,-2.712942304774e-002  ,1.928012084561e+000  
  1.921679718022e-001  ,-8.488717595010e-002  ,1.832028197842e+000  
  1.922809722904e-001  ,-1.323215194222e-001  ,1.719027709561e+000  
  1.924117340092e-001  ,-1.474720270373e-001  ,1.588265990811e+000  
  1.925962310795e-001  ,-1.460338156470e-001  ,1.403768920498e+000  
  1.928058258061e-001  ,-1.374399838108e-001  ,1.194174193936e+000  
  1.931729644779e-001  ,-1.391960312209e-001  ,8.270355220609e-001  
  1.936076324467e-001  ,-1.398142121619e-001  ,3.923675533109e-001  
  1.940000000004e-001  ,-1.392857492585e-001  ,0.000000000000e+000  
  1.940408789067e-001  ,-1.247968048889e-001  ,0.000000000000e+000  
  1.940522131352e-001  ,-1.200294382751e-001  ,0.000000000000e+000  
  1.940748815922e-001  ,-1.088317633733e-001  ,0.000000000000e+000  
  1.941202185063e-001  ,-8.216959365232e-002  ,0.000000000000e+000  
  1.942108923344e-001  ,-3.355308819494e-002  ,0.000000000000e+000  
  1.942943151859e-001  ,-6.084679689209e-003  ,0.000000000000e+000  
  1.943703161625e-001  ,4.937334998722e-003  ,0.000000000000e+000  
  1.944319982914e-001  ,7.246896598064e-003  ,0.000000000000e+000  
  1.945018591313e-001  ,5.612701296506e-003  ,0.000000000000e+000  
  1.945649084477e-001  ,3.588245443417e-003  ,0.000000000000e+000  
  1.946355017094e-001  ,1.486993566575e-003  ,0.000000000000e+000  
  1.947013342289e-001  ,3.051073018004e-004  ,0.000000000000e+000  
  1.947794470219e-001  ,-2.873324921082e-004  ,0.000000000000e+000  
  1.948503698734e-001  ,-3.601896103287e-004  ,0.000000000000e+000  
  1.949187048344e-001  ,-2.678230212011e-004  ,0.000000000000e+000  
  1.949997106938e-001  ,-1.315785261995e-004  ,0.000000000000e+000  
  1.950951574711e-001  ,-2.571985272585e-005  ,0.000000000000e+000  
  1.951364477543e-001  ,-2.014393783183e-006  ,0.000000000000e+000  
  1.952011938481e-001  ,1.623677006857e-005  ,0.000000000000e+000  
  1.952703710941e-001  ,1.785222065208e-005  ,0.000000000000e+000  
  1.953351782231e-001  ,1.384256692392e-005  ,0.000000000000e+000  
  1.954097875981e-001  ,6.942064172003e-006  ,0.000000000000e+000  
  1.955496313481e-001  ,-2.498011524151e-007  ,0.000000000000e+000  
  1.956166235356e-001  ,-1.274289742935e-006  ,0.000000000000e+000  
  1.957016210942e-001  ,-1.157287332645e-006  ,0.000000000000e+000  
  1.957789526371e-001  ,-7.331044842297e-007  ,0.000000000000e+000  
  1.958548315434e-001  ,-2.772860600386e-007  ,0.000000000000e+000  
  1.960065893559e-001  ,9.231022411290e-008  ,0.000000000000e+000  
  1.962399633793e-001  ,1.221311419772e-007  ,0.000000000000e+000  
  1.964663549809e-001  ,-2.918089095948e-008  ,0.000000000000e+000  
  1.969191381840e-001  ,6.225556063267e-010  ,0.000000000000e+000  
  1.978247045902e-001  ,5.371681323109e-009  ,0.000000000000e+000  
  1.993569311527e-001  ,-7.186851603162e-009  ,0.000000000000e+000  
  2.000000000000e-001  ,8.420788758736e-009  ,0.000000000000e+000  
